dpa_provincia,provincia,IHA,rank_nacional,IHA_promedio_cantonal_ponderado,n_cantones_con_indice,poblacion,mov_ciclovia,mov_vereda,mov_peatonal_zona,mov_sendero,mov_escaleras,mov_ruta_bici,mov_ruta_senderismo,ver_parque,ver_jardin,ver_reserva,ver_recreo_suelo,dep_cancha,dep_centro,dep_gimnasio,dep_piscina,dep_pista,dep_estadio,dep_juegos,ser_escuela,ser_universidad,ser_biblioteca,ser_mercado,ser_supermercado,sal_hospital,sal_centro_salud,tra_estacion,km_ciclovia,n_cantones,n_movilidad_ciclista,n_red_peatonal,n_senderos,n_deporte,n_naturaleza,n_servicios,acc_hospital_30min_pct,acc_salud_primaria_30min_pct,acc_educacion_5km_pct,pobreza_fgt0,gini,tasa_n_movilidad_ciclista,tasa_n_red_peatonal,tasa_n_senderos,tasa_n_deporte,tasa_n_naturaleza,tasa_n_servicios,tasa_acc_hospital,tasa_acc_salud,tasa_acc_educacion,tasa_no_pobreza,tasa_igualdad,pct_tasa_n_movilidad_ciclista,pct_tasa_n_red_peatonal,pct_tasa_n_senderos,pct_tasa_n_deporte,pct_tasa_n_naturaleza,pct_tasa_n_servicios,pct_tasa_acc_hospital,pct_tasa_acc_salud,pct_tasa_acc_educacion,pct_tasa_no_pobreza,pct_tasa_igualdad,D1_movilidad_activa,D2_deporte_recreacion,D3_naturaleza_areas_verdes,D4_acceso_salud_educacion,D5_servicios_vida_cotidiana,D6_contexto_socioeconomico,cobertura_peso,estado_datos,IHA_recalculado_provincial
01,Azuay,76.83,2,76.83,15,702793,61,1671,131,1752,250,1,16,375,118,9,72,590,63,92,30,27,13,119,770,40,12,38,153,116,81,10,22.912731836788268,15,61.5,2052,1768,934,574,1023,73.06266666666667,66.67857142857143,76.34133333333334,0.21619805596524058,0.3516944213859839,8.547712718230862,295.68928705968995,237.91915563931914,128.71356859902988,78.6723011518166,139.24351062013494,73.06266666666667,66.67857142857143,76.34133333333334,0.7838019440347594,0.6483055786140162,84,84,76,68,80,72,16,36,48,80,68,81.33333333333333,68,80,33.333333333333336,72,38.2,1,ok,63.42
02,Bolívar,61.89,11,61.89,7,182087,14,61,17,119,66,0,0,67,1,4,5,274,36,5,19,3,21,28,357,18,5,16,25,28,10,3,2.4667535866858237,7,14,144,119,386,77,424,93.9,84.56428571428572,95.26,0.46277240327722097,0.3692724674543535,7.4872076210768554,165.116754145032,92.52405361876276,172.04037008554448,47.707170690497286,183.92806340338257,93.9,84.56428571428572,95.26,0.5372275967227791,0.6307275325456465,76,44,40,92,28.000000000000004,92,72,72,92,28.000000000000004,32,53.333333333333336,92,28.000000000000004,78.66666666666667,92,14.600000000000001,1,ok,63.49
03,Cañar,58.83,16,58.83,7,223229,0,126,33,143,48,0,1,121,8,0,4,174,15,8,6,3,4,7,333,8,0,10,37,41,7,9,0,7,0,207,144,217,133,397,98.03285714285714,74.13666666666667,97.79714285714286,0.3160338403530674,0.3569040917369861,2.2029085762933005,163.59079731864918,88.48164215820961,97.85740721383598,58.95997159465985,152.1636846361867,98.03285714285714,74.13666666666667,97.79714285714286,0.6839661596469326,0.6430959082630139,24,40,24,28.000000000000004,48,80,84,52,96,64,48,29.333333333333332,28.000000000000004,48,77.33333333333333,80,29.599999999999998,1,ok,49.12
04,Carchi,63.68,8,63.68,6,163339,3,281,7,238,26,0,1,135,6,5,6,147,15,5,12,3,20,14,178,4,4,24,30,47,4,8,0.7444290691720153,6,3,314,239,216,152,248,97.28,88.32333333333334,90.09666666666666,0.38120325160720325,0.3558844474742379,3.843122120941855,241.42755090020717,144.6797956746093,119.73293692282948,79.58400638937,130.18852361887144,97.28,88.32333333333334,90.09666666666666,0.6187967483927967,0.644115552525762,44,72,52,64,88,60,80,84,72,44,56.00000000000001,56,64,88,78.66666666666667,60,23.799999999999997,1,ok,64.15
05,Cotopaxi,62.91,9,62.91,7,406405,9,295,12,635,33,0,1,158,12,3,6,200,15,1,16,7,16,12,514,13,4,22,71,51,18,9,6.46812542128481,7,9,340,636,267,179,633,93.84857142857143,72.82166666666667,91.02285714285715,0.47495351365115607,0.3558541452531509,3.1833096754706354,130.68056165817805,153.6316440658286,72.33410388191466,46.71670433461421,143.7262973731894,93.84857142857143,72.82166666666667,91.02285714285715,0.525046486348844,0.644145854746849,36,20,60,16,24,76,68,48,76,16,60,38.666666666666664,16,24,64,76,14.6,1,ok,40.65
06,Chimborazo,61.67,12,61.67,10,454310,1,343,34,358,47,0,1,164,149,3,15,331,17,16,15,8,23,37,471,19,11,24,75,36,37,7,0.6732359349044016,10,1,424,359,447,331,607,98.568,87.914,94.44,0.47335695065414457,0.3561874242192836,1.464963533413987,134.54076207629242,90.38233608117467,98.5555950214158,70.10079677178891,126.61455795722607,98.568,87.914,94.44,0.5266430493458554,0.6438125757807164,12,24,32,32,68,56.00000000000001,92,80,84,20,52,22.666666666666668,32,68,85.33333333333333,56.00000000000001,14.8,1,ok,47.89
07,El Oro,39.57,23,39.57,14,595011,0,235,29,266,52,0,0,184,7,7,24,185,23,10,39,0,12,17,252,9,2,14,100,57,29,17,0,14,0,316,266,286,222,394,82.78357142857143,60.13909090909091,75.75615384615385,0.21206101165870903,0.32887023631901324,1.0245074339927098,91.76443225576236,58.70386614478898,55.438477774194936,40.226086577867555,70.33516825096292,82.78357142857143,60.13909090909091,75.75615384615385,0.787938988341291,0.6711297636809868,4,8,20,8,16,20,36,20,44,84,80,10.666666666666666,8,16,33.333333333333336,20,41.4,1,ok,19.99
08,Esmeraldas,46.76,20,46.76,7,490108,0,309,18,1655,68,0,0,126,1,19,6,316,15,1,201,1,7,13,251,4,0,1,39,32,14,5,0,7,0,395,1655,554,152,300,66.96857142857142,63.12833333333334,51.24,0.4698595323142062,0.35202665547879786,1.206633253924209,121.4646976934894,304.5202449605088,110.70914455713358,35.514808574990184,66.9093040956401,66.96857142857142,63.12833333333334,51.24,0.5301404676857938,0.6479733445212021,8,16,88,56.00000000000001,8,16,8,28.000000000000004,12,24,64,37.333333333333336,56.00000000000001,8,16,16,18,1,ok,26.89
09,Guayas,59.3,15,59.3,25,3621180,137,4917,176,952,356,0,0,1902,44,3,38,1692,204,60,367,32,22,256,1280,98,13,42,534,237,153,109,114.17387089359856,25,137,5449,952,2633,1987,2076,91.9944,83.7748,69.1825,0.18449596599524104,0.3592585488462542,3.8729768342855513,155.07911195548445,29.399231618238286,73.42572836474478,54.94428451689258,58.33733267976019,91.9944,83.7748,69.1825,0.815504034004759,0.6407414511537458,48,32,8,20,44,8,60,68,32,88,36,29.333333333333332,20,44,53.333333333333336,8,36.199999999999996,1,ok,32.14
10,Imbabura,75.3,3,75.3,6,397001,24,676,26,860,57,0,0,182,182,2,8,345,37,18,20,11,68,64,265,14,6,18,153,38,22,15,20.107129630184396,6,24,759,860,563,374,471,96.33666666666667,90.75,89.38,0.35458129154357143,0.3698531252903555,6.261645220445647,217.45889812396683,201.60891570269663,133.2599972159432,86.835987570589,113.85030537417425,96.33666666666667,90.75,89.38,0.6454187084564286,0.6301468747096445,64,56.00000000000001,68,72,96,48,76,88,68,52,24,62.666666666666664,72,96,77.33333333333333,48,21.799999999999997,1,ok,65.99
11,Loja,63.87,7,63.87,16,443596,3,646,34,1310,160,0,0,299,20,10,13,454,32,17,228,10,18,30,635,11,8,37,105,62,35,18,5.007340167517026,16,3,840,1310,789,342,814,75.094375,59.19307692307692,72.585,0.3219712152334076,0.34444955448262193,1.8617575114730556,213.7199129988257,267.1098255196064,163.41244578017682,73.5060093499038,167.18981674123796,75.094375,59.19307692307692,72.585,0.6780287847665925,0.6555504455173781,20,52,84,88,76,88,28.000000000000004,12,40,60,72,52,88,76,26.666666666666668,88,31.799999999999997,1,ok,60.39
12,Los Ríos,32.91,24,32.91,13,773330,6,188,31,53,17,0,0,157,8,6,14,178,30,4,13,3,13,8,239,15,1,7,58,44,22,9,4.7091624363967135,13,6,236,53,249,185,329,86.90384615384616,81.47333333333333,55.59538461538462,0.36516437216508935,0.3194366577380061,1.5023461191150047,63.86736952413137,22.328137946888276,39.88223452340008,27.775952570701005,48.531157318848535,86.90384615384616,81.47333333333333,55.59538461538462,0.6348356278349107,0.6805633422619939,16,4,4,4,4,4,52,60,16,48,92,8,4,4,42.666666666666664,4,30.599999999999994,1,ok,15.27
13,Manabi,61.9,10,61.9,22,1361469,97,2473,300,7343,150,0,0,453,167,8,15,865,55,25,372,19,25,61,1533,27,4,30,201,67,52,18,40.861787785064706,22,97,2923,7343,1422,643,1813,83.47545454545454,71.58863636363637,79.3790909090909,0.3539645567460648,0.31972977655437423,7.124368656609691,222.0213291055162,512.155805366488,104.09413533665169,47.936406901939286,130.5424306784954,83.47545454545454,71.58863636363637,79.3790909090909,0.6460354432539352,0.6802702234456257,72,64,96,48,32,64,40,44,52,56.00000000000001,88,77.33333333333333,48,32,45.333333333333336,64,32.8,1,ok,52.4
14,Morona Santiago,47.83,19,47.83,12,144782,0,175,29,429,15,0,0,75,3,12,5,86,19,8,18,0,10,4,203,4,5,9,56,21,17,4,0,12,0,219,429,145,95,281,74.26,80.842,61.47083333333333,0.5717079655222952,0.4057992018197403,2.9088900989725843,220.92020584238077,233.26810269201138,99.80452760546525,62.3312688783093,153.5395397589283,74.26,80.842,61.47083333333333,0.4282920344777048,0.5942007981802597,32,60,72,40,56.00000000000001,84,20,56.00000000000001,28.000000000000004,8,16,54.666666666666664,40,56.00000000000001,34.66666666666667,84,5.199999999999999,1,ok,47.68
15,Napo,60.71,13,60.71,5,101830,9,203,5,336,25,0,4,52,1,12,3,121,23,3,40,1,12,7,58,4,1,8,29,24,2,8,6.900086479536481,5,9,233,340,207,68,108,84.216,59.97,48.784,0.5841286312025961,0.4535760580211494,7.987137374060878,274.8713760417661,238.81401532555088,151.7631267716444,62.21856343739933,100.49901214522117,84.216,59.97,48.784,0.41587136879740394,0.5464239419788506,80,80,80,80,52,40,44,16,8,4,4,80,80,52,22.666666666666668,40,2,1,ok,50.53
16,Pastaza,59.46,14,59.46,4,82067,0,113,13,122,2,0,0,81,5,1,4,87,17,2,20,3,10,6,98,9,6,6,19,28,4,7,0,4,0,128,122,145,91,145,77.235,45.7775,60.8925,0.44553305248102537,0.42113259137936904,3.9108895967237727,247.03702387862515,145.00064653757096,134.18330546623494,81.6049732162902,131.73016318866124,77.235,45.7775,60.8925,0.5544669475189746,0.5788674086206309,52,76,56.00000000000001,76,92,68,32,4,24,32,12,61.333333333333336,76,92,20,68,13,1,ok,56.47
17,Pichincha,77.4,1,77.4,8,2572052,587,27512,314,2263,1194,2,4,1302,294,46,114,2024,309,102,240,50,77,234,1099,71,27,72,557,187,431,78,267.92541703408085,8,588,29020,2267,3036,1756,1904,92.89750000000001,69.35625,87.3875,0.13259894045044562,0.38550866236430825,22.27203809514437,1098.0988730108954,90.15536850074622,117.33692004359233,67.87202219813473,74.80532400614584,92.89750000000001,69.35625,87.3875,0.8674010595495544,0.6144913376356917,96,96,28.000000000000004,60,64,24,64,40,60,92,20,73.33333333333333,60,64,54.666666666666664,24,35.199999999999996,1,ok,54.59
18,Tungurahua,68.76,4,68.76,9,500852,14,850,62,549,110,0,0,303,7,2,11,403,45,7,45,4,30,17,254,15,23,39,87,65,16,15,2.9265661514415218,9,14,1022,549,551,323,433,98.32,98.7611111111111,92.26555555555557,0.27163481119459837,0.35867222316446684,3.515081810839786,223.64457441517987,115.00308347672295,108.23023286320257,63.33934589311563,87.84811504541881,98.32,98.7611111111111,92.26555555555557,0.7283651888054017,0.6413277768355332,40,68,48,52,60,32,88,96,80,76,40,52,52,60,88,32,32.599999999999994,1,ok,55.46
19,Zamora Chinchipe,55.29,17,55.29,9,89692,10,176,46,234,20,0,0,69,3,14,6,162,23,10,28,2,14,12,201,5,0,16,36,20,13,8,6.8384905992931015,9,10,242,234,251,92,266,72.39625,64.3125,70.19333333333333,0.4396767214542701,0.3336293219204879,9.025388188256262,297.20436194731275,198.2151736138368,184.66963222656196,78.85188968733688,190.22265367685503,72.39625,64.3125,70.19333333333333,0.5603232785457299,0.6663706780795121,92,88,64,96,84,96,12,32,36,36,76,81.33333333333333,96,84,26.666666666666668,96,24,1,ok,69.91
20,Galápagos,68.4,5,68.4,3,22924,6,193,5,385,22,0,0,15,28,2,4,62,9,7,28,2,5,22,16,2,2,4,37,6,5,4,25.708336791213462,3,6,220,385,135,49,65,89.53333333333333,83.03,86.77333333333333,0,0.28410278179194787,8.746959574711381,361.181932176731,351.3322180877062,156.20234584213998,71.05048439046871,106.55810414179992,89.53333333333333,83.03,86.77333333333333,1,0.7158972182080521,88,92,92,84,72,44,56.00000000000001,64,56.00000000000001,96,96,90.66666666666667,84,72,58.666666666666664,44,47.99999999999999,1,ok,69
21,Sucumbios,49.04,18,49.04,7,172278,0,108,5,105,3,0,3,77,3,5,1,99,7,4,31,3,24,7,117,1,3,4,20,15,7,5,0,7,0,116,108,175,86,150,44.69166666666667,55.413333333333334,32.242,0.41101705672265865,0.36965185828530905,2.6151357664104595,160.7815902368522,91.81730699195651,100.74391569029078,52.73129910815529,89.9217550491409,44.69166666666667,55.413333333333334,32.242,0.5889829432773414,0.630348141714691,28.000000000000004,36,36,44,36,36,4,8,4,40,28.000000000000004,33.333333333333336,44,36,5.333333333333333,36,18.2,1,ok,28.94
22,Orellana,44.2,22,44.2,4,133014,3,77,7,89,3,0,0,45,0,4,1,55,11,0,7,3,5,2,74,2,0,5,15,23,10,4,2.598010342734832,4,3,87,89,83,50,100,75.00333333333333,62.97666666666667,56.27333333333333,0.4918515593875956,0.42921522742705487,4.343275237568159,175.42847136442293,99.1349563251819,78.23715260165052,46.16706574957001,83.61607294527361,75.00333333333333,62.97666666666667,56.27333333333333,0.5081484406124044,0.5707847725729451,60,48,44,24,20,28.000000000000004,24,24,20,12,8,50.666666666666664,24,20,22.666666666666668,28.000000000000004,5.3999999999999995,1,ok,27.74
23,Santo Domingo de los Tsáchilas,67.65,6,67.65,2,408700,28,334,48,103,31,0,0,195,15,1,7,263,35,8,32,10,14,44,402,12,1,18,62,50,34,5,14.302693887382032,2,28,413,103,406,218,500,99.75,97.555,95.035,0.2784723189139909,0.358645711964694,6.90395898605604,144.44130101535217,48.16165266985637,99.33232136096126,54.172543067761566,116.93280051360327,99.75,97.555,95.035,0.7215276810860092,0.641354288035306,68,28.000000000000004,12,36,40,52,96,92,88,72,44,36,36,40,92,52,31.799999999999997,1,ok,49.78
24,Santa Elena,45.26,21,45.26,3,304988,10,128,11,81,14,0,0,89,1,1,6,112,10,5,33,0,10,7,83,9,3,6,47,13,10,3,19.982803169402143,3,10,153,81,177,97,151,85.81333333333333,87.50666666666666,87.42333333333333,0.2804425513920478,0.3224207686900214,4.22739423441363,117.23134963630933,55.06294683584683,68.22511253746035,38.16797697356541,60.70233098578227,85.81333333333333,87.50666666666666,87.42333333333333,0.7195574486079521,0.6775792313099787,56.00000000000001,12,16,12,12,12,48,76,64,68,84,28,12,12,62.666666666666664,12,36.4,1,ok,28.09
